-- ============================================================
-- LaBrew V2 Seed Data
-- ============================================================

-- Retail Products (with image_url placeholders)
INSERT INTO products (id, name, type, selling_price, base_cost, low_stock_threshold, image_url) VALUES
  ('a1000000-0000-0000-0000-000000000001', 'Bottled Water',    'retail', 25.00,  12.00, 5, NULL),
  ('a1000000-0000-0000-0000-000000000002', 'Chocolate Bar',    'retail', 45.00,  22.00, 5, NULL),
  ('a1000000-0000-0000-0000-000000000003', 'Chips Pack',       'retail', 35.00,  18.00, 5, NULL),
  ('a1000000-0000-0000-0000-000000000004', 'Energy Drink',     'retail', 65.00,  35.00, 5, NULL),
  ('a1000000-0000-0000-0000-000000000005', 'Granola Bar',      'retail', 40.00,  20.00, 5, NULL);

-- Café Products
INSERT INTO products (id, name, type, selling_price, base_cost, image_url) VALUES
  ('b2000000-0000-0000-0000-000000000001', 'Americano',        'cafe', 120.00, NULL, NULL),
  ('b2000000-0000-0000-0000-000000000002', 'Café Latte',       'cafe', 140.00, NULL, NULL),
  ('b2000000-0000-0000-0000-000000000003', 'Cappuccino',       'cafe', 140.00, NULL, NULL),
  ('b2000000-0000-0000-0000-000000000004', 'Iced Mocha',       'cafe', 160.00, NULL, NULL),
  ('b2000000-0000-0000-0000-000000000005', 'Matcha Latte',     'cafe', 150.00, NULL, NULL);

-- Ingredients
INSERT INTO ingredients (id, name, unit, unit_cost, stock, low_stock_threshold) VALUES
  ('c3000000-0000-0000-0000-000000000001', 'Coffee Beans',  'g',  0.80, 5000, 500),
  ('c3000000-0000-0000-0000-000000000002', 'Whole Milk',    'ml', 0.08, 10000, 2000),
  ('c3000000-0000-0000-0000-000000000003', 'Chocolate Syrup','ml', 0.30, 3000, 500),
  ('c3000000-0000-0000-0000-000000000004', 'Matcha Powder',  'g', 2.50, 1000, 200),
  ('c3000000-0000-0000-0000-000000000005', 'Sugar',          'g', 0.05, 5000, 500),
  ('c3000000-0000-0000-0000-000000000006', 'Ice',           'pcs', 0.50, 2000, 300);

-- Recipes
INSERT INTO recipes (product_id, ingredient_id, qty_required) VALUES
  ('b2000000-0000-0000-0000-000000000001', 'c3000000-0000-0000-0000-000000000001', 18),
  ('b2000000-0000-0000-0000-000000000002', 'c3000000-0000-0000-0000-000000000001', 18),
  ('b2000000-0000-0000-0000-000000000002', 'c3000000-0000-0000-0000-000000000002', 200),
  ('b2000000-0000-0000-0000-000000000003', 'c3000000-0000-0000-0000-000000000001', 18),
  ('b2000000-0000-0000-0000-000000000003', 'c3000000-0000-0000-0000-000000000002', 150),
  ('b2000000-0000-0000-0000-000000000004', 'c3000000-0000-0000-0000-000000000001', 18),
  ('b2000000-0000-0000-0000-000000000004', 'c3000000-0000-0000-0000-000000000002', 150),
  ('b2000000-0000-0000-0000-000000000004', 'c3000000-0000-0000-0000-000000000003', 30),
  ('b2000000-0000-0000-0000-000000000004', 'c3000000-0000-0000-0000-000000000006', 5),
  ('b2000000-0000-0000-0000-000000000005', 'c3000000-0000-0000-0000-000000000004', 5),
  ('b2000000-0000-0000-0000-000000000005', 'c3000000-0000-0000-0000-000000000002', 250),
  ('b2000000-0000-0000-0000-000000000005', 'c3000000-0000-0000-0000-000000000005', 10);

-- Retail Stock
INSERT INTO retail_stock (product_id, stock) VALUES
  ('a1000000-0000-0000-0000-000000000001', 20),
  ('a1000000-0000-0000-0000-000000000002', 15),
  ('a1000000-0000-0000-0000-000000000003', 18),
  ('a1000000-0000-0000-0000-000000000004', 10),
  ('a1000000-0000-0000-0000-000000000005', 12);

-- ============================================================
-- SETUP: Admin/Barista Users
-- After running this seed, create users in Supabase Auth dashboard,
-- then update their profiles:
--
-- UPDATE profiles SET role = 'admin' WHERE id = '<your-admin-auth-user-id>';
-- UPDATE profiles SET role = 'barista' WHERE id = '<your-barista-auth-user-id>';
-- ============================================================
